number,value,datetime_start,datetime_complete,duration,params_a,params_lambda,params_mu,params_new_fs,params_u_dc,state
0,,2025-11-18 09:48:58.513512,2025-11-18 09:49:07.523136,0 days 00:00:09.009624,-0.7584502918614167,0.0033825124568671048,4.418276997012849,14612,0.9972032071825871,FAIL
1,,2025-11-18 09:50:18.361751,2025-11-18 09:59:00.560736,0 days 00:08:42.198985,0.05218424676667377,0.0281116513523701,2.263787151185483,8742,0.5714132610276754,FAIL
2,0.15889628924833493,2025-11-18 10:07:43.550280,2025-11-18 10:16:39.583050,0 days 00:08:56.032770,-2.3965309828798476,21320.96071047974,1.6856844749674327,17183,0.7961563108802202,COMPLETE
3,0.13035204567078973,2025-11-18 10:16:39.829265,2025-11-18 10:28:12.845910,0 days 00:11:33.016645,-1.200643308317454,211.06550895485213,3.8426523147633955,26923,0.5376221776936606,COMPLETE
4,0.12131303520456709,2025-11-18 10:28:13.080969,2025-11-18 10:41:00.272498,0 days 00:12:47.191529,-2.940621895806012,21.865729383995557,1.9367385079163606,29834,0.6797167211625463,COMPLETE
5,0.10799238820171266,2025-11-18 10:41:00.558912,2025-11-18 10:53:58.380615,0 days 00:12:57.821703,1.9831231144268102,0.0676518368548925,4.251170262036758,29860,0.9383926078779355,COMPLETE
6,0.21883920076117983,2025-11-18 10:53:58.644979,2025-11-18 11:02:27.051109,0 days 00:08:28.406130,1.332488449420138,36162.553738570154,1.7909096761207426,12775,0.4151803700355846,COMPLETE
7,0.1489058039961941,2025-11-18 11:02:27.367648,2025-11-18 11:10:52.220202,0 days 00:08:24.852554,-1.774976330345396,587197.8466937735,2.1021038350756744,10812,0.9619568182576741,COMPLETE
8,0.2402473834443387,2025-11-18 11:10:52.480891,2025-11-18 11:18:51.759427,0 days 00:07:59.278536,2.2430292323736287,1.12556839925079,2.772006991008312,997,0.8235972658241826,COMPLETE
9,0.12131303520456709,2025-11-18 11:18:52.060694,2025-11-18 11:31:35.777327,0 days 00:12:43.716633,0.29530611853450717,149.29584859512363,4.900606402712683,28656,0.09825614270116001,COMPLETE
10,0.17126546146527116,2025-11-18 11:31:36.024030,2025-11-18 11:39:36.716045,0 days 00:08:00.692015,0.2633977914551915,0.00018225844970281768,2.2245355798901922,1804,0.8890005203728503,COMPLETE
11,0.09752616555661275,2025-11-18 11:39:37.017934,2025-11-18 11:49:34.204903,0 days 00:09:57.186969,-0.17261785711226452,4.052218442708612e-05,4.360726008721616,21689,0.8406964307093667,COMPLETE
12,0.18315889628924834,2025-11-18 11:49:34.439453,2025-11-18 11:57:29.119772,0 days 00:07:54.680319,2.793882681302206,0.06689054172386809,0.03724663185880184,639,0.29783128314569207,COMPLETE
13,0.11941008563273073,2025-11-18 11:57:29.365840,2025-11-18 12:05:28.577117,0 days 00:07:59.211277,1.5752871673044782,0.030755427767117868,3.2446812129261913,8489,0.36042190337341773,COMPLETE
14,0.16603235014272122,2025-11-18 12:05:28.816786,2025-11-18 12:13:30.834317,0 days 00:08:02.017531,1.3348734979751904,11414.833732430909,0.9210624450194373,5758,0.6030804295712621,COMPLETE
15,0.21075166508087537,2025-11-18 12:13:31.049744,2025-11-18 12:21:59.603333,0 days 00:08:28.553589,2.3575515438690924,2.3719069083038335,3.0939584451767326,14595,0.355140672195518,COMPLETE
16,0.11132254995242626,2025-11-18 12:21:59.869822,2025-11-18 12:30:27.597622,0 days 00:08:27.727800,1.0080200035702864,1.9698186370930004,2.9386700306771196,14564,0.13696871539361077,COMPLETE
17,0.21503330161750714,2025-11-18 12:30:27.803942,2025-11-18 12:38:24.811299,0 days 00:07:57.007357,2.701867975687073,5907.521869990851,1.2002375335721123,4749,0.4563728826956242,COMPLETE
18,0.08705994291151284,2025-11-18 12:38:25.013911,2025-11-18 12:48:31.359492,0 days 00:10:06.345581,0.9642598782133509,0.001529075384676437,0.869967529945419,22687,0.6759803859662541,COMPLETE
19,0.14700285442435776,2025-11-18 12:48:31.612777,2025-11-18 12:56:54.132407,0 days 00:08:22.519630,-0.3947538034560276,132302.39950833502,2.663986130724642,11685,0.2143597807490696,COMPLETE
20,0.2269267364414843,2025-11-18 12:56:54.352621,2025-11-18 13:06:18.377035,0 days 00:09:24.024414,1.9387713899493426,426.6516669252972,3.5237765956449034,19171,0.45286353489718517,COMPLETE
21,0.24310180780209326,2025-11-18 13:06:18.590966,2025-11-18 13:15:21.591532,0 days 00:09:03.000566,1.9880139550569027,607.1035522276071,3.610789277302325,18045,0.7516092498791559,COMPLETE
22,0.11893434823977164,2025-11-18 13:15:21.877718,2025-11-18 13:25:49.232794,0 days 00:10:27.355076,-0.8089034716325398,12.991724837440085,3.821236145807026,23441,0.7486058714196325,COMPLETE
23,0.20837297811607994,2025-11-18 13:25:49.422785,2025-11-18 13:35:01.445431,0 days 00:09:12.022646,2.2060170871570195,330.7251076892588,3.536214950040682,19032,0.5732874783586217,COMPLETE
24,0.219790675547098,2025-11-18 13:35:01.650951,2025-11-18 13:44:00.284671,0 days 00:08:58.633720,1.8819814828471901,1841.659123856472,2.6707734948377633,18049,0.7426254734219487,COMPLETE
25,0.17697431018078022,2025-11-18 13:44:00.507999,2025-11-18 13:53:28.274039,0 days 00:09:27.766040,2.9548368420286475,0.9925551386686065,3.624206757986043,20185,0.6578461411194515,COMPLETE
26,0.1698382492863939,2025-11-18 13:53:28.490763,2025-11-18 14:04:18.630088,0 days 00:10:50.139325,0.6752999917323423,810.9038375143635,4.23573815117653,24775,0.49535531074595895,COMPLETE
27,0.22359657469077068,2025-11-18 14:04:18.839427,2025-11-18 14:13:01.222946,0 days 00:08:42.383519,2.395969501994522,23.077180036594935,4.7089272338427,16498,0.8515975393662013,COMPLETE
28,0.18553758325404376,2025-11-18 14:13:01.625238,2025-11-18 14:21:02.908157,0 days 00:08:01.282919,1.701182234218723,0.28223532773233856,3.294683331891525,9011,0.7365128661363193,COMPLETE
29,0.1412940057088487,2025-11-18 14:21:03.130103,2025-11-18 14:30:38.990367,0 days 00:09:35.860264,0.8718685542535356,62.755435131288074,2.5775230786972267,20619,0.6242306437529992,COMPLETE
30,0.22787821122740248,2025-11-18 14:30:39.215847,2025-11-18 14:41:51.921328,0 days 00:11:12.705481,2.4341822613902573,1422.3097415329048,4.046282910552858,25647,0.2675232376034064,COMPLETE
31,0.10704091341579448,2025-11-18 14:41:52.138308,2025-11-18 14:53:06.508604,0 days 00:11:14.370296,2.738140311689074,0.0035515700717459542,3.9937013589727055,26249,0.21237140097518553,COMPLETE
32,0.1422454804947669,2025-11-18 14:53:06.727562,2025-11-18 15:01:52.008162,0 days 00:08:45.280600,2.4329904482313016,2570.5844537240673,2.8932031527126343,16401,0.013380753875738838,COMPLETE
33,0.219790675547098,2025-11-18 15:01:52.243043,2025-11-18 15:12:27.673303,0 days 00:10:35.430260,1.9961229897012356,25445.1939307043,3.4375578962387094,23756,0.2684940280293232,COMPLETE
34,0.2098001902949572,2025-11-18 15:12:28.064662,2025-11-18 15:23:45.771009,0 days 00:11:17.706347,1.467493042331398,787.9131739746731,4.575256389336623,26220,0.4047916322522396,COMPLETE
35,0.20694576593720265,2025-11-18 15:23:46.009024,2025-11-18 15:32:46.701565,0 days 00:09:00.692541,2.2317503842880155,8.588472438083615,3.843035358813012,18113,0.5537533863868601,COMPLETE
36,0.22882968601332065,2025-11-18 15:32:46.953869,2025-11-18 15:42:22.251307,0 days 00:09:35.297438,1.841455447928173,90.68177952171715,4.0225127276466575,20583,0.8063033024977788,COMPLETE
37,0.17887725975261656,2025-11-18 15:42:22.917494,2025-11-18 15:52:10.885345,0 days 00:09:47.967851,2.9882482733038085,0.40840934651051997,4.065575136465594,21317,0.7933890744469887,COMPLETE
38,0.13748810656517602,2025-11-18 15:52:11.197846,2025-11-18 16:03:15.050330,0 days 00:11:03.852484,-2.7717816004215954,59.858101666052235,4.481555315493786,25046,0.9740959465041704,COMPLETE
39,0.22597526165556614,2025-11-18 16:03:15.301550,2025-11-18 16:15:01.638224,0 days 00:11:46.336674,2.565224236136353,108885.45897480262,2.3919930372524614,27771,0.904711153754149,COMPLETE
40,0.12464319695528069,2025-11-18 16:15:01.892008,2025-11-18 16:23:16.192763,0 days 00:08:14.300755,-1.6347980022066513,79.03533075438759,4.942930213623974,12768,0.7926186687112384,COMPLETE
41,0.1384395813510942,2025-11-18 16:23:16.399590,2025-11-18 16:35:43.023015,0 days 00:12:26.623425,1.1870537084585613,5.930539137031586,3.762420231042078,28833,0.844003648896994,COMPLETE
42,0.17554709800190296,2025-11-18 16:35:43.254054,2025-11-18 16:44:22.527647,0 days 00:08:39.273593,0.5183435041137672,3728.1457043821815,4.145570379652989,15646,0.9265614020033788,COMPLETE
43,0.2554709800190295,2025-11-18 16:44:22.787516,2025-11-18 16:54:02.772150,0 days 00:09:39.984634,1.9314109381903872,746.9348670951517,3.441208140680007,19592,0.994600749234428,COMPLETE
44,0.2369172216936251,2025-11-18 16:54:03.003106,2025-11-18 17:03:21.407423,0 days 00:09:18.404317,1.7417817255197554,180.61186871148186,3.126108775370896,19786,0.9870852213109812,COMPLETE
45,0.2445290199809705,2025-11-18 17:03:21.618977,2025-11-18 17:12:31.877427,0 days 00:09:10.258450,1.7538427722230447,172.0701832996057,2.986171365562651,19608,0.9649165726050644,COMPLETE
46,0.2483349191246432,2025-11-18 17:12:32.387665,2025-11-18 17:22:10.698388,0 days 00:09:38.310723,1.5151565988200957,229.1072297743782,2.0167052327369834,17785,0.9819566936186689,COMPLETE
47,0.1665080875356803,2025-11-18 17:22:11.012031,2025-11-18 17:30:22.311198,0 days 00:08:11.299167,1.2837053049532365,29.565874874770014,1.5121430810099223,13518,0.9327436998846751,COMPLETE
48,0.24548049476688868,2025-11-18 17:30:22.540300,2025-11-18 17:39:11.316420,0 days 00:08:48.776120,2.217848016028811,9901.03509385004,2.020642832575752,17837,0.9962458746199466,COMPLETE
49,0.20266412940057088,2025-11-18 17:39:11.548656,2025-11-18 17:48:00.277682,0 days 00:08:48.729026,1.536763414103772,13370.685078549717,2.2885131000202006,17566,0.8894276341988,COMPLETE
50,0.2126546146527117,2025-11-18 17:48:00.506250,2025-11-18 17:57:51.669754,0 days 00:09:51.163504,2.1726519871593672,460783.5481314718,2.0830457149768313,22196,0.9997801613619768,COMPLETE
51,0.15080875356803045,2025-11-18 17:57:51.883467,2025-11-18 18:06:17.794704,0 days 00:08:25.911237,0.07993651677188636,76458.39235330261,1.706420159295718,15321,0.9468033697893354,COMPLETE
52,0.17174119885823025,2025-11-18 18:06:17.988776,2025-11-18 18:14:59.348346,0 days 00:08:41.359570,1.1836136606467922,6514.234029873355,1.4092135067735585,18511,0.8729401873071618,COMPLETE
53,0.23834443387250237,2025-11-18 18:14:59.535190,2025-11-18 18:23:14.600156,0 days 00:08:15.064966,2.1530922154293006,340.85366180195194,2.805332016326169,16324,0.9424682284875174,COMPLETE
54,0.2340627973358706,2025-11-18 18:23:14.808889,2025-11-18 18:30:41.367424,0 days 00:07:26.558535,1.650773932536785,785.9232580816898,1.9970910588328197,3061,0.9985461431996961,COMPLETE
55,0.24976213130352046,2025-11-18 18:30:41.610099,2025-11-18 18:39:21.289052,0 days 00:08:39.678953,2.023533467494795,36075.63361110896,2.42478855773958,17079,0.9099550300169584,COMPLETE
56,0.21836346336822074,2025-11-18 18:39:21.622604,2025-11-18 18:47:54.242945,0 days 00:08:32.620341,1.9909955083703035,46522.47304876488,2.424058239699953,17552,0.9104128219632631,COMPLETE
57,0.23882017126546146,2025-11-18 18:47:54.437054,2025-11-18 18:55:58.999322,0 days 00:08:04.562268,2.633109701313475,10084.216645652376,1.8344909075519016,13578,0.8777787934712905,COMPLETE
58,0.23453853472882968,2025-11-18 18:55:59.829758,2025-11-18 19:05:14.670234,0 days 00:09:14.840476,2.0490723242104956,502820.305325695,3.0480651703440236,19363,0.9619595296374281,COMPLETE
59,0.20266412940057088,2025-11-18 19:05:14.926301,2025-11-18 19:14:49.159690,0 days 00:09:34.233389,1.443353047499397,32523.72678246074,2.1627325728874194,21282,0.7172383699276499,COMPLETE
60,0.1598477640342531,2025-11-18 19:14:49.453783,2025-11-18 19:23:34.438947,0 days 00:08:44.985164,0.8338923614517577,227245.64797494968,3.2480637294254953,17024,0.8230140040154076,COMPLETE
61,0.1879162702188392,2025-11-18 19:23:34.668146,2025-11-18 19:31:48.958399,0 days 00:08:14.290253,1.1016249850103486,3848.894329975896,0.9383146842070775,14138,0.9585731376896428,COMPLETE
62,0.21027592768791628,2025-11-18 19:31:49.177868,2025-11-18 19:41:47.637690,0 days 00:09:58.459822,1.7776472042124356,214.3259236045027,2.598294086528151,23009,0.8637419220770127,COMPLETE
63,0.21217887725975262,2025-11-18 19:41:47.852422,2025-11-18 19:50:40.852753,0 days 00:08:53.000331,2.2909304192589675,3.65247521809363,2.7312023133093857,18685,0.9137673504764703,COMPLETE
64,0.18601332064700285,2025-11-18 19:50:41.081269,2025-11-18 19:59:00.184207,0 days 00:08:19.102938,2.4569669142883908,0.997443104523037,3.0143423917523475,15501,0.7664838697243839,COMPLETE
65,0.23263558515699334,2025-11-18 19:59:00.460494,2025-11-18 20:06:41.179421,0 days 00:07:40.718927,2.724522815969066,1339.8918372825651,2.3106289106624325,8837,0.8379407614187568,COMPLETE
66,0.230732635585157,2025-11-18 20:06:41.380406,2025-11-18 20:14:30.723025,0 days 00:07:49.342619,1.5616376984965348,33.71149796263555,3.385667788470537,11229,0.7063501736733683,COMPLETE
67,0.10608943862987631,2025-11-18 20:14:30.974505,2025-11-18 20:21:54.972241,0 days 00:07:23.997736,-0.48099186217097933,0.08231721502115819,1.8445308405175982,6252,0.9632151449778972,COMPLETE
68,0.09895337773549001,2025-11-18 20:21:55.165414,2025-11-18 20:31:00.075663,0 days 00:09:04.910249,1.8804409009403011,1.451838109168194e-05,0.2923535447736949,19444,0.9021543067918675,COMPLETE
69,0.23644148430066603,2025-11-18 20:31:00.283515,2025-11-18 20:39:38.687237,0 days 00:08:38.403722,2.0757732865974137,751.732600718721,2.4995488898512077,16898,0.7764642595364837,COMPLETE
70,0.23263558515699334,2025-11-18 20:39:38.911425,2025-11-18 20:49:19.478083,0 days 00:09:40.566658,2.8562146544037836,15.875075431646192,3.665452418303703,22074,0.931170657763521,COMPLETE
71,0.19695528068506185,2025-11-18 20:49:19.680010,2025-11-18 20:57:04.694684,0 days 00:07:45.014674,1.3736518230382995,14464.237189220958,3.1735958053031466,12561,0.8271910153090923,COMPLETE
72,0.109895337773549,2025-11-18 20:57:04.890226,2025-11-18 21:06:39.024889,0 days 00:09:34.134663,2.351844519866474,0.015229095423838221,2.9183606925694923,20516,0.9797765969602525,COMPLETE
73,0.21170313986679354,2025-11-18 21:06:39.255805,2025-11-18 21:15:30.944829,0 days 00:08:51.689024,2.58431763138498,7428.638354258898,1.915893698880916,28,0.8765714475233527,COMPLETE
74,0.22407231208372977,2025-11-18 21:15:31.275811,2025-11-18 21:24:18.835910,0 days 00:08:47.560099,2.5844258658118147,2013.7397953593274,2.079553996583079,17983,0.8797572255549726,COMPLETE
75,0.230732635585157,2025-11-18 21:24:19.144580,2025-11-18 21:31:53.209768,0 days 00:07:34.065188,2.2085838380000213,24942.388832562556,1.4964862328567576,3666,0.9555952124736056,COMPLETE
76,0.22835394862036157,2025-11-18 21:31:53.436341,2025-11-18 21:42:10.738946,0 days 00:10:17.302605,1.7013329881642987,493.50113481524903,1.627736316681012,24148,0.8552080659014976,COMPLETE
77,0.22645099904852523,2025-11-18 21:42:10.959409,2025-11-18 21:49:59.036151,0 days 00:07:48.076742,2.83277032098695,144.53910729478295,1.303508455645976,10470,0.9124505444505692,COMPLETE
78,0.23786869647954328,2025-11-18 21:49:59.400412,2025-11-18 21:58:09.420718,0 days 00:08:10.020306,1.9047028948853866,230482.38564170786,2.81585852089608,14300,0.8105770195350966,COMPLETE
79,0.22169362511893434,2025-11-18 21:58:09.723099,2025-11-18 22:06:38.394176,0 days 00:08:28.671077,2.551328901498087,7689.031122206904,2.2170812096150563,16256,0.9996673920090118,COMPLETE
80,0.15128449096098953,2025-11-18 22:06:38.687198,2025-11-18 22:16:02.873457,0 days 00:09:24.186259,-1.2678231229059724,3583.9900685228563,3.357493845404112,21204,0.8907124435145768,COMPLETE
81,0.21693625118934348,2025-11-18 22:16:03.142855,2025-11-18 22:23:30.745375,0 days 00:07:27.602520,2.35840375673642,56357.31740251396,1.7540487813434664,7703,0.9332121105701189,COMPLETE
82,0.23977164605137963,2025-11-18 22:23:30.960710,2025-11-18 22:32:42.926319,0 days 00:09:11.965609,2.083289168344145,1441.208101331558,2.487363917492044,20130,0.6129118931976453,COMPLETE
83,0.21550903901046622,2025-11-18 22:32:43.186843,2025-11-18 22:41:40.297366,0 days 00:08:57.110523,2.067120813724499,1458.0213754482722,2.4181375537316034,18809,0.6358244741387458,COMPLETE
84,0.20313986679352997,2025-11-18 22:41:40.545428,2025-11-18 22:50:43.176017,0 days 00:09:02.630589,1.630523042258758,343.68454742891663,2.566551607918174,19920,0.5831621809319996,COMPLETE
85,0.22597526165556614,2025-11-18 22:50:43.396880,2025-11-18 22:59:12.686380,0 days 00:08:29.289500,1.8579516974740933,19421.48791391087,3.516414465282948,17971,0.5123828982506934,COMPLETE
86,0.2098001902949572,2025-11-18 22:59:13.007591,2025-11-18 23:08:31.860175,0 days 00:09:18.852584,2.234021388919652,112.88325284454871,1.999677346195609,20374,0.7550317861176191,COMPLETE
87,0.22645099904852523,2025-11-18 23:08:32.141967,2025-11-18 23:17:15.473422,0 days 00:08:43.331455,2.71020009654523,42.16455200124402,2.7421388473116632,17492,0.6784385261534869,COMPLETE
88,0.19600380589914368,2025-11-18 23:17:15.769027,2025-11-18 23:25:33.199341,0 days 00:08:17.430314,2.477037399771839,0.31791991255220353,2.21428112102938,14823,0.9740782779490149,COMPLETE
89,0.20123691722169362,2025-11-18 23:25:33.415230,2025-11-18 23:34:05.857273,0 days 00:08:32.442043,2.002996580406133,3154.1490464656094,1.8825868796162513,16146,0.7228623381797448,COMPLETE
90,0.24310180780209326,2025-11-18 23:34:06.112877,2025-11-18 23:43:07.418492,0 days 00:09:01.305615,1.7521760738146281,979.8256107111345,3.892580287364959,19090,0.8522520564527395,COMPLETE
91,0.23501427212178877,2025-11-18 23:43:07.706738,2025-11-18 23:52:08.880124,0 days 00:09:01.173386,1.505649310063843,234.33279904374874,3.8420107606310245,19076,0.7857318792559055,COMPLETE
92,0.1845861084681256,2025-11-18 23:52:09.223238,2025-11-19 00:01:34.530049,0 days 00:09:25.306811,1.2973731217851088,974.9250680938845,3.5721319577413344,21203,0.8463342877537434,COMPLETE
93,0.230732635585157,2025-11-19 00:01:34.773238,2025-11-19 00:08:57.679162,0 days 00:07:22.905924,1.7783494779812088,528.0748773252119,2.3618708070868406,1637,0.9467912046939451,COMPLETE
94,0.19600380589914368,2025-11-19 00:08:57.974123,2025-11-19 00:17:33.907042,0 days 00:08:35.932919,2.131044263227182,1.3660228954581153,4.305542125140777,17114,0.9143643680632416,COMPLETE
95,0.2602283539486204,2025-11-19 00:17:34.221625,2025-11-19 00:27:07.741401,0 days 00:09:33.519776,2.3173539511977874,11457.035859031124,3.7608555626424858,22344,0.981017241914466,COMPLETE
96,0.2483349191246432,2025-11-19 00:27:08.028093,2025-11-19 00:36:56.888621,0 days 00:09:48.860528,1.9344176677954508,5359.152748705194,3.7221509753358366,22708,0.9721996932176453,COMPLETE
97,0.26070409134157946,2025-11-19 00:36:57.155186,2025-11-19 00:46:46.905667,0 days 00:09:49.750481,1.6841632063717633,5284.55661180071,3.7206073201081478,22333,0.9787377516770559,COMPLETE
98,0.230732635585157,2025-11-19 00:46:47.099762,2025-11-19 00:56:29.916258,0 days 00:09:42.816496,1.6911852230994007,98402.36311409611,3.939343773279251,23113,0.9630488069260525,COMPLETE
99,0.22216936251189343,2025-11-19 00:56:30.097440,2025-11-19 01:06:03.915208,0 days 00:09:33.817768,1.4152736769682182,4693.214468895629,3.695659688947188,22067,0.9854490522305022,COMPLETE
100,0.2269267364414843,2025-11-19 01:06:04.120625,2025-11-19 01:15:58.066314,0 days 00:09:53.945689,1.0039370922203736,989247.2777312518,4.1677875288867705,22714,0.9994490749516355,COMPLETE
101,0.24215033301617508,2025-11-19 01:15:58.344488,2025-11-19 01:26:17.660817,0 days 00:10:19.316329,1.9306111669466843,12263.914004904476,3.898525353524364,23967,0.9349856795361645,COMPLETE
102,0.181255946717412,2025-11-19 08:18:31.968888,2025-11-19 08:29:05.880265,0 days 00:10:33.911377,0.5386574047220803,2171.484056037955,3.7548339446862222,24825,0.9737456125867819,COMPLETE
103,0.2340627973358706,2025-11-19 08:29:06.224100,2025-11-19 08:39:35.157872,0 days 00:10:28.933772,1.927843231162192,17179.369628188193,3.875246951076894,24083,0.9326038075377504,COMPLETE
104,0.2450047573739296,2025-11-19 08:39:35.396027,2025-11-19 08:50:23.524301,0 days 00:10:48.128274,1.7743881496168488,10165.125273657834,3.450120305050398,25417,0.9475913108234963,COMPLETE
105,0.2373929590865842,2025-11-19 08:50:23.752349,2025-11-19 09:02:09.821769,0 days 00:11:46.069420,1.5423523119377192,5699.543099631316,3.5291137304684965,27373,0.8936357108128042,COMPLETE
106,0.1874405328258801,2025-11-19 09:02:10.043029,2025-11-19 09:10:59.313273,0 days 00:08:49.270244,1.2211783459908494,38301.46489970393,3.4268770384491516,18202,0.9520358348733035,COMPLETE
107,0.25737392959086586,2025-11-19 09:10:59.593548,2025-11-19 09:21:51.731421,0 days 00:10:52.137873,2.274530458078632,2643.589594104188,4.428732054238326,25396,0.9789898094786057,COMPLETE
108,0.2521408182683159,2025-11-19 09:21:51.981176,2025-11-19 09:32:58.967443,0 days 00:11:06.986267,2.393665862363055,221138.2863868008,3.122820354919527,26089,0.9764754887266857,COMPLETE
109,0.26117982873453854,2025-11-19 09:32:59.342104,2025-11-19 09:44:02.115358,0 days 00:11:02.773254,2.31421884082647,158744.47161928276,4.686640251254184,25977,0.975097704158844,COMPLETE
110,0.2530922930542341,2025-11-19 09:44:02.415577,2025-11-19 09:55:35.482627,0 days 00:11:33.067050,2.2863985110637755,165950.8499643992,4.464922335591951,26342,0.9844477579483616,COMPLETE
111,0.2554709800190295,2025-11-19 09:55:35.733565,2025-11-19 10:08:07.335830,0 days 00:12:31.602265,2.252404975528355,171550.5363509874,4.684813196619316,28785,0.9819167804958562,COMPLETE
112,0.24595623215984777,2025-11-19 10:08:07.528775,2025-11-19 10:20:52.837410,0 days 00:12:45.308635,2.347458221411447,230814.0060346365,4.759046209347777,29491,0.979120175606851,COMPLETE
113,0.24738344433872503,2025-11-19 10:20:53.070111,2025-11-19 10:33:09.973584,0 days 00:12:16.903473,2.3146404852814753,233317.452677071,4.690929077508544,29142,0.9766061734704793,COMPLETE
114,0.24405328258801143,2025-11-19 10:33:10.225041,2025-11-19 10:44:28.690573,0 days 00:11:18.465532,2.4394274303726595,143624.74727003346,4.5349752563624675,26525,0.9800411551708523,COMPLETE
115,0.22359657469077068,2025-11-19 10:44:28.941528,2025-11-19 10:56:25.932244,0 days 00:11:56.990716,2.2798969898284924,402370.84258806106,4.81031566587517,28347,0.9190742370587945,COMPLETE
116,0.25404376784015226,2025-11-19 10:56:26.273734,2025-11-19 11:08:05.250542,0 days 00:11:38.976808,2.8691686688815587,66365.78590727148,4.428821171028269,27072,0.9690929844084958,COMPLETE
117,0.24690770694576594,2025-11-19 11:08:05.483421,2025-11-19 11:19:55.441799,0 days 00:11:49.958378,2.874618498765992,56607.45226081579,4.432066307049137,27834,0.9545452143296945,COMPLETE
118,0.2164605137963844,2025-11-19 11:19:55.786393,2025-11-19 11:30:54.863683,0 days 00:10:59.077290,2.976744575759013,140844.7814226296,4.960574762015736,26021,0.9966165163755428,COMPLETE
119,0.21550903901046622,2025-11-19 11:30:55.200110,2025-11-19 11:42:18.756023,0 days 00:11:23.555913,2.679652523802749,707138.6499598055,4.421671858264717,26556,0.9251806369090093,COMPLETE
120,0.230732635585157,2025-11-19 11:42:19.276038,2025-11-19 11:53:50.792986,0 days 00:11:31.516948,2.5380015875612574,33186.19732788841,4.598593428743902,27010,0.8948278718771413,COMPLETE
121,0.241674595623216,2025-11-19 11:53:51.023520,2025-11-19 12:04:50.815899,0 days 00:10:59.792379,2.1387054031923007,81315.93526090494,4.386718763919967,25419,0.9656220978056796,COMPLETE
122,0.22502378686964797,2025-11-19 12:04:51.104534,2025-11-19 12:17:01.955827,0 days 00:12:10.851293,2.813368845523241,357454.19803672575,4.199265558214046,28122,0.9449827725675025,COMPLETE
123,0.2602283539486204,2025-11-19 12:17:02.193107,2025-11-19 12:29:59.005411,0 days 00:12:56.812304,2.33994539545579,72164.9319747436,4.643395037163616,29431,0.9790892935914601,COMPLETE
124,0.2702188392007612,2025-11-19 12:29:59.271503,2025-11-19 12:41:46.601682,0 days 00:11:47.330179,2.456070203477861,67331.48914822431,4.589272885602604,27320,0.9824183293981332,COMPLETE
125,0.21788772597526165,2025-11-19 12:41:46.843387,2025-11-19 12:54:44.282122,0 days 00:12:57.438735,2.4594914786938196,65696.47469241642,4.667196236318041,29862,0.9993044451361623,COMPLETE
126,0.23549000951474786,2025-11-19 12:54:44.547928,2025-11-19 13:06:35.074161,0 days 00:11:50.526233,2.60805473046616,132791.976066605,4.809664206969604,27107,0.9140092330225833,COMPLETE
127,0.24357754519505234,2025-11-19 13:06:35.304799,2025-11-19 13:18:26.649856,0 days 00:11:51.345057,2.2560742993154648,24746.528121633386,4.281687052379153,27425,0.9419505121702368,COMPLETE
128,0.2340627973358706,2025-11-19 13:18:26.848917,2025-11-19 13:30:58.288184,0 days 00:12:31.439267,2.665047357288399,296844.36761545524,4.094102712770782,28785,0.9828249338649789,COMPLETE
129,0.24785918173168411,2025-11-19 13:30:58.510139,2025-11-19 13:41:46.338089,0 days 00:10:47.827950,2.4135052215646065,41468.68068523737,4.853065182087558,24428,0.9545255789108836,COMPLETE
130,0.21455756422454805,2025-11-19 13:41:46.575576,2025-11-19 13:54:21.898224,0 days 00:12:35.322648,2.1430802331308247,159177.13150976624,4.535126185332863,28692,0.9294797867775728,COMPLETE
131,0.17221693625118933,2025-11-19 13:54:22.132326,2025-11-19 14:05:39.283089,0 days 00:11:17.150763,2.738090181293452,586187.9860382723,4.617595533996747,26282,0.09886116082499924,COMPLETE
132,0.21788772597526165,2025-11-19 14:05:39.571513,2025-11-19 14:17:49.595460,0 days 00:12:10.023947,2.03830889732962,98443.52040795962,4.533824575580267,27891,0.9014253872065553,COMPLETE
133,0.24357754519505234,2025-11-19 14:17:49.992548,2025-11-19 14:28:48.288351,0 days 00:10:58.295803,2.328311476110423,24069.106293421628,4.69553537668718,25203,0.9717830470390105,COMPLETE
134,0.1636536631779258,2025-11-19 14:28:48.587027,2025-11-19 14:39:14.260635,0 days 00:10:25.673608,-2.3277861986855153,45714.247482591716,4.361485397889528,23450,0.9691534245392974,COMPLETE
135,0.2530922930542341,2025-11-19 14:39:14.475335,2025-11-19 14:50:25.301844,0 days 00:11:10.826509,2.5086850017244124,77962.32397014486,4.92722222780935,25809,0.9990298770852915,COMPLETE
136,0.2335870599429115,2025-11-19 14:50:25.526308,2025-11-19 15:01:33.610520,0 days 00:11:08.084212,2.4984367202074256,82069.01714676294,4.928590704193439,25828,0.9942858019274075,COMPLETE
137,0.22454804947668885,2025-11-19 15:01:33.829218,2025-11-19 15:13:09.068752,0 days 00:11:35.239534,2.8773241302170893,180905.86543737096,4.8989079060569765,26865,0.9988977348509384,COMPLETE
138,0.23168411037107517,2025-11-19 15:13:09.474379,2025-11-19 15:25:43.512672,0 days 00:12:34.038293,2.1665038702965274,999419.9692161167,4.755984542869255,29239,0.9607685391608721,COMPLETE
139,0.22835394862036157,2025-11-19 15:25:43.719094,2025-11-19 15:36:37.942451,0 days 00:10:54.223357,2.3789781716544978,17572.717864996805,4.469051045789537,24855,0.9393118745548291,COMPLETE
140,0.23168411037107517,2025-11-19 15:36:38.193260,2025-11-19 15:48:04.088349,0 days 00:11:25.895089,2.600826048785119,63824.86850825826,4.315117202913299,25680,0.9209173495311036,COMPLETE
141,0.10513796384395814,2025-11-19 15:48:04.371443,2025-11-19 15:59:49.440237,0 days 00:11:45.068794,2.251192917143436,0.00030770522020788396,3.196326992992492,27485,0.981200174821713,COMPLETE
142,0.2164605137963844,2025-11-19 15:59:49.675122,2025-11-19 16:11:53.830162,0 days 00:12:04.155040,1.9893155424789324,288010.05311799643,4.642744603324165,28297,0.9492002978106563,COMPLETE
143,0.241674595623216,2025-11-19 16:11:54.051839,2025-11-19 16:23:19.780783,0 days 00:11:25.728944,1.8807504572732887,5929.506282047425,4.057511395458867,26764,0.9731116268135621,COMPLETE
144,0.23215984776403426,2025-11-19 16:23:19.998721,2025-11-19 16:33:44.355387,0 days 00:10:24.356666,2.044672207885312,35553.711951320816,3.341986891672361,24394,0.3516625935964327,COMPLETE
145,0.25499524262607043,2025-11-19 16:33:44.775302,2025-11-19 16:43:17.158968,0 days 00:09:32.383666,2.542141764143639,3050.602507798021,3.7165050986660906,22173,0.9645362302490703,COMPLETE
146,0.2302568981921979,2025-11-19 16:43:17.384794,2025-11-19 16:55:46.254299,0 days 00:12:28.869505,2.506895666651451,2607.2065854363423,4.236128155334642,29892,0.9978637570993829,COMPLETE
147,0.24310180780209326,2025-11-19 16:55:46.473994,2025-11-19 17:05:47.197889,0 days 00:10:00.723895,2.767292482503691,113027.64902043277,3.627990760431491,23609,0.9561995814279034,COMPLETE
148,0.2302568981921979,2025-11-19 17:05:47.531727,2025-11-19 17:16:36.066799,0 days 00:10:48.535072,2.4187147234504245,15881.76083548664,4.992042554270206,25978,0.9254250798226651,COMPLETE
149,0.24738344433872503,2025-11-19 17:16:36.320161,2025-11-19 17:26:16.177652,0 days 00:09:39.857491,2.2516579106587837,9954.327580087633,4.8451872109693594,21876,0.9832179580026453,COMPLETE
150,0.22359657469077068,2025-11-19 17:26:16.458378,2025-11-19 17:37:11.545275,0 days 00:10:55.086897,2.6759487945241855,453941.1035672199,4.471519688580017,25096,0.9046145974055034,COMPLETE
151,0.23453853472882968,2025-11-19 17:37:11.794231,2025-11-19 17:46:49.957610,0 days 00:09:38.163379,2.9990222773910045,61660.67226215684,4.633318873521469,20881,0.9572101066898286,COMPLETE
152,0.2373929590865842,2025-11-19 17:46:50.270283,2025-11-19 17:58:37.169029,0 days 00:11:46.898746,2.5372932954312293,140330.40981959034,4.006282073172101,27547,0.9409167200058669,COMPLETE
153,0.2559467174119886,2025-11-19 17:58:37.406765,2025-11-19 18:08:21.682781,0 days 00:09:44.276016,2.1460207759117877,3610.7953001359247,3.706785094392405,21823,0.9775682578749094,COMPLETE
154,0.2445290199809705,2025-11-19 18:08:22.014120,2025-11-19 18:17:55.501016,0 days 00:09:33.486896,2.15756820394581,3619.132927802924,3.651521339750762,22042,0.9806920842466861,COMPLETE
155,0.25784966698382494,2025-11-19 18:17:55.750698,2025-11-19 18:27:36.500367,0 days 00:09:40.749669,2.3414734798308348,1443.547232240356,3.7514539637979305,22600,0.9673768685830366,COMPLETE
156,0.24738344433872503,2025-11-19 18:27:36.730527,2025-11-19 18:37:16.050016,0 days 00:09:39.319489,2.368616080831502,24819.612697854256,3.79685195217749,22608,0.9597124008788022,COMPLETE
157,0.24690770694576594,2025-11-19 18:37:16.274689,2025-11-19 18:46:41.215328,0 days 00:09:24.940639,2.292043000786294,1600.8707126104073,3.533474915933303,21658,0.9978922801842602,COMPLETE
158,0.23168411037107517,2025-11-19 18:46:41.428037,2025-11-19 18:56:24.019285,0 days 00:09:42.591248,2.517594553853095,2391.1743642522792,3.7804103276828322,22568,0.9358363559282528,COMPLETE
159,0.22359657469077068,2025-11-19 18:56:24.350780,2025-11-19 19:06:19.157947,0 days 00:09:54.807167,2.1526215970830718,8484.759490996183,3.9658350821737747,23219,0.8747777143237792,COMPLETE
160,0.14747859181731685,2025-11-19 19:06:19.372825,2025-11-19 19:17:39.486818,0 days 00:11:20.113993,-0.09938051147507077,211446.14391732847,4.158224512242377,26389,0.967285267548423,COMPLETE
161,0.15509039010466222,2025-11-19 19:17:39.702200,2025-11-19 19:29:46.808151,0 days 00:12:07.105951,2.3981264437331933,43678.91778159014,4.773459616697699,28358,0.014049825452626508,COMPLETE
162,0.252616555661275,2025-11-19 19:29:47.032534,2025-11-19 19:40:22.274614,0 days 00:10:35.242080,2.793189805965775,4419.904563949995,4.5566410312626235,24550,0.9190101411050466,COMPLETE
163,0.25784966698382494,2025-11-19 19:40:22.538822,2025-11-19 19:51:08.062553,0 days 00:10:45.523731,2.8400320747909418,4521.338242339629,4.578035352270766,24405,0.913916484267104,COMPLETE
164,0.2588011417697431,2025-11-19 19:51:08.357300,2025-11-19 20:01:49.467706,0 days 00:10:41.110406,2.867418274002662,4591.930430234318,4.498686663569031,24640,0.9470945190482611,COMPLETE
165,0.2626070409134158,2025-11-19 20:01:49.747378,2025-11-19 20:12:17.642972,0 days 00:10:27.895594,2.8640143941214795,4763.867659322555,4.5535465198106575,23847,0.926034241240435,COMPLETE
166,0.2602283539486204,2025-11-19 20:12:18.202248,2025-11-19 20:22:41.524612,0 days 00:10:23.322364,2.9205831565881373,2301.5308038489084,4.3742587278438,23496,0.9431162649902103,COMPLETE
167,0.25071360608943866,2025-11-19 20:22:41.722939,2025-11-19 20:33:12.410431,0 days 00:10:30.687492,2.937265521056277,1425.2718286920997,4.377665386721873,23704,0.9418009700154331,COMPLETE
168,0.241674595623216,2025-11-19 20:33:12.673041,2025-11-19 20:43:51.351083,0 days 00:10:38.678042,2.88036137379459,905.6476999282546,4.501998050224104,24154,0.8898143633628386,COMPLETE
169,0.2373929590865842,2025-11-19 20:43:51.722363,2025-11-19 20:54:03.932952,0 days 00:10:12.210589,2.740517361472694,2771.8074414474104,4.269571710059805,23001,0.9435178495185014,COMPLETE
170,0.2554709800190295,2025-11-19 20:54:04.222685,2025-11-19 21:04:24.345317,0 days 00:10:20.122632,2.651491534219398,6978.436053652178,4.390711553275328,23576,0.9628628974123459,COMPLETE
171,0.24357754519505234,2025-11-19 21:04:24.636011,2025-11-19 21:14:53.220106,0 days 00:10:28.584095,2.8228812963600034,6422.278571506871,4.725580536608817,23811,0.9097427635966763,COMPLETE
172,0.2302568981921979,2025-11-19 21:14:53.467617,2025-11-19 21:24:36.278797,0 days 00:09:42.811180,2.664057304841586,3824.888905944814,4.359489073454125,21490,0.9582594594167175,COMPLETE
173,0.23549000951474786,2025-11-19 21:24:36.524989,2025-11-19 21:34:59.466324,0 days 00:10:22.941335,2.948526868091876,2022.3696247474443,4.4557566304222425,23284,0.9744721416785683,COMPLETE
174,0.24548049476688868,2025-11-19 21:34:59.689825,2025-11-19 21:45:44.040336,0 days 00:10:44.350511,2.6433056813122358,10862.636202889227,4.579437659001242,24884,0.9317247141435616,COMPLETE
175,0.24881065651760229,2025-11-19 21:45:44.249419,2025-11-19 21:55:43.962369,0 days 00:09:59.712950,2.8290180604721957,629.418058408805,4.636390828394402,22282,0.9633080826616987,COMPLETE
176,0.2564224548049477,2025-11-19 21:55:44.225598,2025-11-19 22:06:34.124081,0 days 00:10:49.898483,2.6020648415673913,6398.511051283388,4.439578598567563,24354,0.981385817481441,COMPLETE
177,0.24548049476688868,2025-11-19 22:06:34.385688,2025-11-19 22:17:27.859543,0 days 00:10:53.473855,2.627225405161386,6381.409731610548,4.202855295112681,24092,0.951693448737075,COMPLETE
178,0.25451950523311134,2025-11-19 22:17:28.116029,2025-11-19 22:27:48.329274,0 days 00:10:20.213245,2.9951608608181797,1282.2418558466632,4.317432642850087,23359,0.929119663196262,COMPLETE
179,0.24785918173168411,2025-11-19 22:27:48.540122,2025-11-19 22:37:47.158330,0 days 00:09:58.618208,2.7573699800694036,1146.264782358147,4.309319412528034,23086,0.9261776083144208,COMPLETE
180,0.2564224548049477,2025-11-19 22:37:47.348354,2025-11-19 22:47:31.430852,0 days 00:09:44.082498,2.9690574392945104,2159.832011574681,4.1393842065467386,22424,0.888207064224887,COMPLETE
181,0.24785918173168411,2025-11-19 22:47:31.716384,2025-11-19 22:57:14.425451,0 days 00:09:42.709067,2.5727150556029903,3744.7873654974783,3.9390935254822104,22519,0.8670659442280196,COMPLETE
182,0.24881065651760229,2025-11-19 22:57:14.651675,2025-11-19 23:06:48.213924,0 days 00:09:33.562249,2.723325542552969,2138.386795797018,4.098643471823035,21806,0.8836561320653019,COMPLETE
183,0.25404376784015226,2025-11-19 23:06:48.424608,2025-11-19 23:16:08.226790,0 days 00:09:19.802182,2.894797396184854,548.7734482505992,4.551424637832989,21022,0.9073850477505407,COMPLETE
184,0.24548049476688868,2025-11-19 23:16:08.445791,2025-11-19 23:26:10.323611,0 days 00:10:01.877820,2.995494490670304,1562.4713768844524,4.388162386472306,23583,0.9444381732371108,COMPLETE
185,0.25737392959086586,2025-11-19 23:26:10.563626,2025-11-19 23:36:22.342897,0 days 00:10:11.779271,2.979873221914147,2995.192308663687,4.233700283799865,24344,0.98472223115982,COMPLETE
186,0.2340627973358706,2025-11-19 23:36:22.568388,2025-11-19 23:46:48.110337,0 days 00:10:25.541949,2.7877176201921783,4174.764959170435,3.6915130848099116,24458,0.9848882812421095,COMPLETE
187,0.20313986679352997,2025-11-19 23:46:48.361544,2025-11-19 23:57:26.555241,0 days 00:10:38.193697,2.6094757279284413,7894.663968898886,4.234042450945353,25232,0.9990009906579707,COMPLETE
188,0.252616555661275,2025-11-19 23:57:26.765317,2025-11-20 00:07:11.085556,0 days 00:09:44.320239,2.4924499714500494,2644.1475310467204,4.731358221093058,22672,0.9648833705042101,COMPLETE
189,0.2564224548049477,2025-11-20 00:07:11.292877,2025-11-20 00:17:35.151962,0 days 00:10:23.859085,2.747609048377895,13164.104488600067,4.116115605419777,24582,0.9801780343947216,COMPLETE
190,0.14843006660323502,2025-11-20 00:17:35.459805,2025-11-20 00:27:44.857006,0 days 00:10:09.397201,-0.3790324798855166,13937.45092228074,4.143884708967951,24342,0.9811346758725185,COMPLETE
191,0.24595623215984777,2025-11-20 00:27:45.047023,2025-11-20 00:38:10.816554,0 days 00:10:25.769531,2.883242784901355,7376.447114544709,4.068137395408813,24632,0.9466633343245077,COMPLETE
192,0.14652711703139867,2025-11-20 00:38:11.386431,2025-11-20 00:48:51.308128,0 days 00:10:39.921697,0.20305249357924438,15196.175763717503,4.493027096102411,25230,0.9797369535501227,COMPLETE
193,0.25023786869647957,2025-11-20 00:48:51.565594,2025-11-20 00:59:14.835664,0 days 00:10:23.270070,2.7153969093820214,5027.501976554234,3.866353271485731,23856,0.9653977456712575,COMPLETE
194,0.24262607040913417,2025-11-20 00:59:15.155271,2025-11-20 01:09:31.972175,0 days 00:10:16.816904,2.7994033582731723,2709.2761284805215,4.634230175449003,23005,0.9577683300231221,COMPLETE
195,0.20123691722169362,2025-11-20 01:09:32.179206,2025-11-20 01:19:31.480348,0 days 00:09:59.301142,2.5479201458456116,8502.032845386459,3.9979713913881976,22254,0.45469981136189996,COMPLETE
196,0.25166508087535683,2025-11-20 01:19:31.695296,2025-11-20 01:29:54.569510,0 days 00:10:22.874214,2.663675260411774,4490.812661059828,3.781300273543652,23915,0.9838792828773351,COMPLETE
197,0.22978116079923883,2025-11-20 01:29:54.769959,2025-11-20 01:39:38.766642,0 days 00:09:43.996683,2.4005936987198164,1748.6812231054018,4.4060203143969385,21605,0.9972856059289226,COMPLETE
198,0.2602283539486204,2025-11-20 01:39:39.061295,2025-11-20 01:50:15.064716,0 days 00:10:36.003421,2.99254626374516,924.9777397232392,3.6112452243813444,24867,0.9280668865426169,COMPLETE
199,0.24976213130352046,2025-11-20 01:50:15.309066,2025-11-20 02:01:05.812403,0 days 00:10:50.503337,2.93915091781863,888.5587358892833,4.575203396168735,25577,0.924918530633646,COMPLETE
200,0.23834443387250237,2025-11-20 02:01:06.130776,2025-11-20 02:11:46.074773,0 days 00:10:39.943997,2.8663744915895437,11433.223887264774,3.553001568093589,24825,0.9011460587315315,COMPLETE
201,0.23501427212178877,2025-11-20 02:11:46.278030,2025-11-20 02:22:20.571092,0 days 00:10:34.293062,2.797199915404056,315.9178683831434,4.170321401208639,24658,0.9432741026049829,COMPLETE
202,0.24119885823025689,2025-11-20 08:27:07.600957,2025-11-20 08:37:47.367100,0 days 00:10:39.766143,2.9439217230365755,21936.900369700783,4.287171261653541,24016,0.9165736751242268,COMPLETE
203,0.24785918173168411,2025-11-20 08:37:49.149744,2025-11-20 08:50:56.392772,0 days 00:13:07.243028,2.998436429226983,3117.8816353855996,3.667366975671621,23236,0.961218176841203,COMPLETE
204,0.25689819219790677,2025-11-20 08:50:58.064763,2025-11-20 09:05:11.619616,0 days 00:14:13.554853,2.252533828696302,5035.164776823573,3.59491267558862,22360,0.979098365114875,COMPLETE
205,0.2659372026641294,2025-11-20 09:05:13.610363,2025-11-20 09:19:43.435491,0 days 00:14:29.825128,2.2824866965689172,6679.529637533944,3.554076275013468,25430,0.9843427300396419,COMPLETE
206,0.24738344433872503,2025-11-20 09:19:43.917960,2025-11-20 09:32:17.628806,0 days 00:12:33.710846,2.2191211697484956,4795.350909499909,3.488245251896739,25523,0.9782025706721149,COMPLETE
207,0.24595623215984777,2025-11-20 09:32:17.948416,2025-11-20 09:43:31.109742,0 days 00:11:13.161326,2.0713441141148685,1121.6036532784808,3.3793080241581004,24734,0.9971530780559884,COMPLETE
208,0.25737392959086586,2025-11-20 09:43:31.309737,2025-11-20 09:56:19.926786,0 days 00:12:48.617049,2.274422782674925,2396.1964433142816,3.563282657230497,29311,0.980142408286111,COMPLETE
209,0.22978116079923883,2025-11-20 09:56:20.132507,2025-11-20 10:07:42.430472,0 days 00:11:22.297965,2.3859573636918254,1959.9316934895255,3.6245113803567715,25446,0.9420276003961559,COMPLETE
210,0.25832540437678403,2025-11-20 10:07:42.625921,2025-11-20 10:20:32.978288,0 days 00:12:50.352367,2.281780808816637,2391.3675370536566,3.6009366634424804,29286,0.9794735618956845,COMPLETE
211,0.24119885823025689,2025-11-20 10:20:33.232380,2025-11-20 10:33:17.953646,0 days 00:12:44.721266,2.304719684512395,5134.6716997990225,3.5866330736331773,29107,0.947415032936848,COMPLETE
212,0.14843006660323502,2025-11-20 10:33:18.279023,2025-11-20 10:47:03.944445,0 days 00:13:45.665422,-0.908319173769453,2417.1018781099706,3.4930849687773025,29298,0.999948875119499,COMPLETE
213,0.22645099904852523,2025-11-20 10:47:04.131455,2025-11-20 11:01:27.354090,0 days 00:14:23.222635,2.1443043152144527,708.1067599444515,3.430813431467766,29885,0.21022480071581945,COMPLETE
214,0.24690770694576594,2025-11-20 11:01:27.806264,2025-11-20 11:13:10.797696,0 days 00:11:42.991432,2.2451114897983646,1527.7464629755327,3.820439901160031,22813,0.9774081222782344,COMPLETE
215,0.26736441484300666,2025-11-20 11:13:11.760365,2025-11-20 11:24:52.397919,0 days 00:11:40.637554,2.419551190437432,3206.911185733774,3.734401357968337,24313,0.9733378821842188,COMPLETE
216,0.2697431018078021,2025-11-20 11:24:52.674604,2025-11-20 11:37:57.261360,0 days 00:13:04.586756,2.468349941375443,10460.76911367221,3.2488343274977267,25050,0.9729996148727181,COMPLETE
217,0.23263558515699334,2025-11-20 11:37:57.481246,2025-11-20 11:50:31.848741,0 days 00:12:34.367495,2.4774035344597443,6540.98573450947,3.3072318639977607,24984,0.9308474679216052,COMPLETE
218,0.23311132254995243,2025-11-20 11:50:32.697871,2025-11-20 12:03:51.361003,0 days 00:13:18.663132,2.4432818808749577,15448.433692727558,3.58624512403191,26127,0.9560990633710839,COMPLETE
219,0.26117982873453854,2025-11-20 12:03:52.393574,2025-11-20 12:16:16.618648,0 days 00:12:24.225074,2.7130160634253535,9285.639135773734,3.7568184068302766,24284,0.9705746777061413,COMPLETE
220,0.24785918173168411,2025-11-20 12:16:16.850940,2025-11-20 12:28:16.721391,0 days 00:11:59.870451,2.371228893546222,9339.161132985137,3.809334281571075,24137,0.957125692357275,COMPLETE
221,0.24928639391056137,2025-11-20 12:28:16.942996,2025-11-20 12:40:57.446050,0 days 00:12:40.503054,2.6088290793108744,3128.4925997765004,3.693121694646211,25567,0.9187810945496819,COMPLETE
222,0.2402473834443387,2025-11-20 12:40:59.146718,2025-11-20 12:52:44.672736,0 days 00:11:45.526018,2.3122302460459885,2028.1196275442933,3.2778996859361365,23578,0.9421683909512851,COMPLETE
223,0.26450999048525214,2025-11-20 12:52:46.412522,2025-11-20 13:05:38.575718,0 days 00:12:52.163196,2.746477690335716,11885.964328988091,3.899297431109639,24505,0.9777124265669528,COMPLETE
224,0.24690770694576594,2025-11-20 13:05:39.726382,2025-11-20 13:18:11.033499,0 days 00:12:31.307117,2.7369613685763903,4993.090004333066,3.92387822572776,24269,0.9699714236651452,COMPLETE
225,0.25404376784015226,2025-11-20 13:18:12.200316,2025-11-20 13:30:50.184657,0 days 00:12:37.984341,2.8620782512519853,9467.815650364926,3.7468572341074813,24971,0.9798172557682402,COMPLETE
226,0.2564224548049477,2025-11-20 13:30:51.052316,2025-11-20 13:44:02.801108,0 days 00:13:11.748792,2.4930385683529175,5408.035508054141,3.865034884285568,25843,0.9582077563525647,COMPLETE
227,0.22407231208372977,2025-11-20 13:44:03.158970,2025-11-20 13:56:55.704733,0 days 00:12:52.545763,2.622855224347166,23504.988985274824,3.617125704282492,26591,0.9996804684963703,COMPLETE
228,0.2450047573739296,2025-11-20 13:56:57.403357,2025-11-20 14:09:24.638802,0 days 00:12:27.235445,2.996995111996654,3026.791743357889,3.7534791260209905,23806,0.9415939238935637,COMPLETE
229,0.2592768791627022,2025-11-20 14:09:25.571334,2025-11-20 14:21:40.148784,0 days 00:12:14.577450,2.8370710355918423,6764.087151694944,3.5153429169374992,25143,0.9712223793516145,COMPLETE
230,0.24310180780209326,2025-11-20 14:21:42.125760,2025-11-20 14:34:32.373697,0 days 00:12:50.247937,2.7080746237364397,11532.965727077864,3.4860905061311587,25038,0.9689705362888213,COMPLETE
231,0.24928639391056137,2025-11-20 14:34:33.155733,2025-11-20 14:46:29.215869,0 days 00:11:56.060136,2.4662400882433384,6472.101101260021,3.570455879799669,25295,0.987663459864962,COMPLETE
232,0.2564224548049477,2025-11-20 14:46:30.178945,2025-11-20 14:58:41.490615,0 days 00:12:11.311670,2.5880656549686822,15975.961501862335,3.434452524192115,24370,0.9679368097219387,COMPLETE
233,0.24690770694576594,2025-11-20 14:58:42.260529,2025-11-20 15:10:23.977638,0 days 00:11:41.717109,2.8520575387151537,3940.6118861268587,3.6487334967488696,23492,0.9521325377159635,COMPLETE
234,0.23929590865842054,2025-11-20 15:10:24.172706,2025-11-20 15:23:07.497889,0 days 00:12:43.325183,2.8479058640908885,2258.7107173732043,3.7733331288680265,24526,0.9995613094159619,COMPLETE
235,0.22502378686964797,2025-11-20 15:23:07.761516,2025-11-20 15:36:14.252245,0 days 00:13:06.490729,2.3338538222461085,1365.0447960623148,3.890471364852213,25676,0.9323296362039363,COMPLETE
236,0.25118934348239774,2025-11-20 15:36:14.732540,2025-11-20 15:50:38.219686,0 days 00:14:23.487146,2.7601885322723225,8892.630851316204,3.562461618930348,29492,0.974113892678537,COMPLETE
237,0.252616555661275,2025-11-20 15:50:39.569409,2025-11-20 16:02:24.944229,0 days 00:11:45.374820,2.998650327539808,3977.6199805587016,3.676565271462066,23051,0.9797489463407563,COMPLETE
238,0.24262607040913417,2025-11-20 16:02:25.284769,2025-11-20 16:15:55.001901,0 days 00:13:29.717132,2.877410922814531,6432.934773697952,4.549648924138088,28697,0.954422072300502,COMPLETE
239,0.2554709800190295,2025-11-20 16:15:55.890679,2025-11-20 16:27:53.150410,0 days 00:11:57.259731,2.5577503780430493,2418.7803840182814,3.795673542883479,24161,0.9292919359928726,COMPLETE
240,0.241674595623216,2025-11-20 16:27:53.600344,2025-11-20 16:40:02.375485,0 days 00:12:08.775141,2.2131773681557774,4114.269206609834,4.0098160902434445,26157,0.9666048238209227,COMPLETE
241,0.2407231208372978,2025-11-20 16:40:03.121299,2025-11-20 16:52:26.681646,0 days 00:12:23.560347,2.7695118703106982,8064.5486043843375,4.471549088112743,25039,0.9452901786667476,COMPLETE
242,0.21408182683158897,2025-11-20 16:52:28.684287,2025-11-20 17:06:14.055483,0 days 00:13:45.371196,2.4234387639727126,28057.41440566444,0.19987348693848483,27977,0.4832958287344602,COMPLETE
243,0.25071360608943866,2025-11-20 17:06:14.953376,2025-11-20 17:18:36.909056,0 days 00:12:21.955680,2.681047669529043,10198.488669984654,3.911147681042823,24544,0.982729155625475,COMPLETE
244,0.25832540437678403,2025-11-20 17:18:37.109659,2025-11-20 17:30:50.576698,0 days 00:12:13.467039,2.7337414345910807,18528.936837936213,3.6297462939055314,24761,0.9821495677365253,COMPLETE
245,0.2554709800190295,2025-11-20 17:30:51.534285,2025-11-20 17:42:41.825370,0 days 00:11:50.291085,2.8594878541507245,17851.41187413286,3.508625402903635,23784,0.9853649877378109,COMPLETE
246,0.2654614652711703,2025-11-20 17:42:43.105324,2025-11-20 17:55:14.536985,0 days 00:12:31.431661,2.6752379217045545,5906.580527806891,3.6083504646581086,25131,0.9624109923296298,COMPLETE
247,0.25404376784015226,2025-11-20 17:55:15.314709,2025-11-20 18:07:38.399613,0 days 00:12:23.084904,2.5712260111752343,6166.670637470951,3.6036837394097394,25394,0.9650779571481567,COMPLETE
248,0.23596574690770694,2025-11-20 18:07:38.792315,2025-11-20 18:20:09.939322,0 days 00:12:31.147007,2.304844083806709,15792.165528086589,3.379711434268787,25166,0.9973467228302227,COMPLETE
249,0.23549000951474786,2025-11-20 18:20:10.830243,2025-11-20 18:32:18.471671,0 days 00:12:07.641428,2.663625453971275,10714.863689316233,3.614797349617595,24592,0.959514548040809,COMPLETE
250,0.21503330161750714,2025-11-20 18:32:19.569374,2025-11-20 18:45:28.040008,0 days 00:13:08.470634,2.5149517051537753,3822.1639423213473,3.503144464588086,26732,0.9998140902856852,COMPLETE
251,0.2335870599429115,2025-11-20 18:45:28.598995,2025-11-20 18:58:00.205260,0 days 00:12:31.606265,2.395372309421226,30335.081405538276,3.6450524646276916,25860,0.4168696956633812,COMPLETE
252,0.25451950523311134,2025-11-20 18:58:00.426765,2025-11-20 19:10:05.909930,0 days 00:12:05.483165,2.739969057411193,5591.460400786545,3.690408114931393,24177,0.9742131972998299,COMPLETE
253,0.25784966698382494,2025-11-20 19:10:06.661794,2025-11-20 19:22:25.238187,0 days 00:12:18.576393,2.2242224124926797,2799.739046587747,3.726513053325533,25199,0.9548303288969555,COMPLETE
254,0.25499524262607043,2025-11-20 19:22:26.133701,2025-11-20 19:35:42.396712,0 days 00:13:16.263011,2.2169673387325983,1193.6998425836373,3.7144020559130566,25091,0.945023994876522,COMPLETE
255,0.23882017126546146,2025-11-20 19:35:42.996810,2025-11-20 19:47:59.057243,0 days 00:12:16.060433,2.0611065276206535,3116.8182026582363,3.753936946328131,26248,0.9280920670811438,COMPLETE
256,0.21550903901046622,2025-11-20 19:47:59.266204,2025-11-20 20:00:25.851707,0 days 00:12:26.585503,2.267870968930431,1733.2219871470522,3.4262205207601006,25450,0.9556981018759216,COMPLETE
257,0.24643196955280686,2025-11-20 20:00:26.081604,2025-11-20 20:12:22.787658,0 days 00:11:56.706054,2.1294300550152134,3149.6184300717,3.831762199963463,24731,0.9662028595530707,COMPLETE
258,0.23501427212178877,2025-11-20 20:12:23.555985,2025-11-20 20:25:10.902263,0 days 00:12:47.346278,2.4035004572299274,9998.7476795635,3.5714119157551214,25824,0.9137429563591323,COMPLETE
259,0.2302568981921979,2025-11-20 20:25:11.077042,2025-11-20 20:38:38.581338,0 days 00:13:27.504296,2.3479865062286414,917.4520026436599,4.70999604884192,27069,0.9391381571938595,COMPLETE
260,0.17459562321598476,2025-11-20 20:38:38.779462,2025-11-20 20:50:21.853708,0 days 00:11:43.074246,2.792633255146794,0.11303703183418234,3.727709409334283,23458,0.9839742880348903,COMPLETE
261,0.23311132254995243,2025-11-20 20:50:22.118381,2025-11-20 21:02:11.356835,0 days 00:11:49.238454,2.48073193123346,5193.74019260426,3.5405420593740056,25120,0.9534620223332115,COMPLETE
262,0.15366317792578496,2025-11-20 21:02:11.549830,2025-11-20 21:16:17.950640,0 days 00:14:06.400810,-1.8890180197416697,20090.89780709658,3.2567543300512307,29995,0.9752255679242602,COMPLETE
263,0.2335870599429115,2025-11-20 21:16:18.535625,2025-11-20 21:28:06.854703,0 days 00:11:48.319078,2.2255149999092967,1907.2087880790991,3.6678451376828445,24015,0.9306957318518728,COMPLETE
264,0.20361560418648905,2025-11-20 21:28:07.050171,2025-11-20 21:41:35.782210,0 days 00:13:28.732039,0.7217216412510007,12684.41282546407,3.8206867679646215,28931,0.9643413410476401,COMPLETE
265,0.23929590865842054,2025-11-20 21:41:36.061821,2025-11-20 21:53:06.609771,0 days 00:11:30.547950,2.671102859301069,3341.2287212487004,3.438105620425839,23090,0.9991333432289357,COMPLETE
266,0.10941960038058991,2025-11-20 21:53:07.036870,2025-11-20 22:05:02.598490,0 days 00:11:55.561620,2.843055371842589,0.005497694042155912,4.64559014594408,24834,0.9430141346305405,COMPLETE
267,0.24357754519505234,2025-11-20 22:05:02.858403,2025-11-20 22:17:05.465225,0 days 00:12:02.606822,1.9995954575963535,7259.536248015381,3.6311690843792603,26048,0.9826590672576117,COMPLETE
268,0.2521408182683159,2025-11-20 22:17:06.112922,2025-11-20 22:29:07.625889,0 days 00:12:01.512967,2.3279035967010175,2320.9994055924017,4.803211394575056,23839,0.9601257645532432,COMPLETE
269,0.25166508087535683,2025-11-20 22:29:08.601265,2025-11-20 22:41:33.898173,0 days 00:12:25.296908,2.5182789749581724,4554.8432918933795,3.529118252258288,26543,0.9071308827839072,COMPLETE
270,0.2592768791627022,2025-11-20 22:41:34.111280,2025-11-20 22:54:22.949042,0 days 00:12:48.837762,2.8933140963983517,31383.202159753095,3.349491010111543,25644,0.9807501755104928,COMPLETE
271,0.24119885823025689,2025-11-20 22:54:24.642440,2025-11-20 23:07:20.226777,0 days 00:12:55.584337,2.911990928329403,30869.694911300085,3.3923775444390536,25536,0.9520398705970187,COMPLETE
272,0.2450047573739296,2025-11-20 23:07:20.620088,2025-11-20 23:19:48.321763,0 days 00:12:27.701675,2.993139314082699,47261.47335206655,3.297226550819663,24830,0.9244219505593221,COMPLETE
273,0.24928639391056137,2025-11-20 23:19:49.632340,2025-11-20 23:33:37.291823,0 days 00:13:47.659483,2.7510936416033616,23518.707509393935,4.550384065945636,27437,0.9816392881497914,COMPLETE
274,0.25118934348239774,2025-11-20 23:33:37.549796,2025-11-20 23:47:38.650950,0 days 00:14:01.101154,2.861299777512297,72960.24893891545,3.9262999592003536,28321,0.9616449175720759,COMPLETE
275,0.2588011417697431,2025-11-20 23:47:39.498446,2025-11-21 00:00:54.645453,0 days 00:13:15.147007,2.6499055281378823,14463.577204861489,4.629442031086131,25658,0.9405994645811273,COMPLETE
276,0.24310180780209326,2025-11-21 00:00:54.841945,2025-11-21 00:13:19.806627,0 days 00:12:24.964682,2.6602236169616456,37149.08764615863,4.642872192271012,26104,0.9055305413449775,COMPLETE
277,0.23977164605137963,2025-11-21 00:13:20.086812,2025-11-21 00:25:47.374531,0 days 00:12:27.287719,2.754594716938927,15295.026240316472,4.748584890737725,25612,0.9318450549784606,COMPLETE
278,0.25118934348239774,2025-11-21 00:25:47.599355,2025-11-21 00:38:18.375596,0 days 00:12:30.776241,2.5946201876039385,20771.089039559938,4.49330739390246,24319,0.9471069825565477,COMPLETE
279,0.24215033301617508,2025-11-21 00:38:18.562809,2025-11-21 00:51:12.669719,0 days 00:12:54.106910,2.853987537033041,11784.92983863186,3.122932141592708,26510,0.9994300449276783,COMPLETE
280,0.24119885823025689,2025-11-21 00:51:12.842363,2025-11-21 01:03:37.770667,0 days 00:12:24.928304,2.6698732467799227,40020.23976722855,4.550024971180567,25333,0.9218859088697606,COMPLETE
281,0.25071360608943866,2025-11-21 01:03:38.135726,2025-11-21 01:15:48.470604,0 days 00:12:10.334878,2.8837639452147985,9350.83931159631,4.639596910684385,24721,0.9437119994201932,COMPLETE
282,0.2564224548049477,2025-11-21 01:15:49.795410,2025-11-21 01:28:46.405649,0 days 00:12:56.610239,2.521344002666742,89382.58609000048,4.354858658073135,25753,0.9723024503854449,COMPLETE
283,0.26165556612749763,2025-11-21 01:28:46.750508,2025-11-21 01:41:09.017859,0 days 00:12:22.267351,2.721041073503999,15357.005117394565,3.8166537194745764,24136,0.9634271183114278,COMPLETE
284,0.24548049476688868,2025-11-21 01:41:09.200728,2025-11-21 01:52:29.235692,0 days 00:11:20.034964,2.7272387117094037,21324.271077808884,3.815372706259056,23643,0.8954471847695378,COMPLETE
285,0.23263558515699334,2025-11-21 01:52:29.417199,2025-11-21 02:05:12.756948,0 days 00:12:43.339749,2.5907178554657615,47283.598582300074,4.86398965805328,26854,0.5622742474220109,COMPLETE
286,0.25071360608943866,2025-11-21 02:05:13.511311,2025-11-21 02:17:48.370777,0 days 00:12:34.859466,2.459043728402073,15911.765292233289,3.7352230577900754,25139,0.9548808590319097,COMPLETE
287,0.23549000951474786,2025-11-21 02:17:49.038247,2025-11-21 02:29:49.655302,0 days 00:12:00.617055,2.7614632669679793,8668.421399422488,3.8816428225600648,24142,0.9317262332581902,COMPLETE
288,0.2131303520456708,2025-11-21 02:29:49.875079,2025-11-21 02:42:53.448340,0 days 00:13:03.573261,2.6404833034922515,3.8773447825332004,4.716379249142437,26139,0.9653416350416991,COMPLETE
289,0.241674595623216,2025-11-21 02:42:53.948602,2025-11-21 02:55:12.312631,0 days 00:12:18.364029,2.4661922383224955,26561.565866480552,3.992650815024956,24755,0.9161735413751814,COMPLETE
290,0.24357754519505234,2025-11-21 02:55:13.239708,2025-11-21 03:05:56.761724,0 days 00:10:43.522016,2.784341956722024,12481.168109200808,3.7437995929396437,25225,0.9466130335485703,COMPLETE
291,0.26498572787821123,2025-11-21 03:05:56.955987,2025-11-21 03:15:32.763378,0 days 00:09:35.807391,2.6067497257966714,6619.259895973821,3.1973650303179486,23163,0.9676661165732082,COMPLETE
292,0.2450047573739296,2025-11-21 03:15:33.022392,2025-11-21 03:25:18.239467,0 days 00:09:45.217075,2.6842590780557622,9770.535459626351,3.1870233070485305,23264,0.9645443129771495,COMPLETE
293,0.22359657469077068,2025-11-21 03:25:18.432327,2025-11-21 03:34:54.567098,0 days 00:09:36.134771,2.5746936531819267,6359.739853124757,3.3552559732877447,22762,0.3130055823353297,COMPLETE
294,0.23263558515699334,2025-11-21 03:34:54.835882,2025-11-21 03:44:52.426404,0 days 00:09:57.590522,2.8370217495717576,18215.630292892998,3.246072165023274,23841,0.999991789529843,COMPLETE
295,0.18268315889628925,2025-11-21 03:44:52.665364,2025-11-21 03:54:39.910120,0 days 00:09:47.244756,0.43163827866064586,42511.93731097855,3.6865064469275777,23544,0.9365711300280503,COMPLETE
296,0.25071360608943866,2025-11-21 03:54:40.085000,2025-11-21 04:04:38.632101,0 days 00:09:58.547101,2.4339955019998145,7245.049129293832,3.506145128126414,24323,0.9635312310535318,COMPLETE
297,0.22216936251189343,2025-11-21 04:04:38.886984,2025-11-21 04:14:18.630553,0 days 00:09:39.743569,2.5930179745876605,25394.028371651606,3.4460594813716074,23199,0.9419588610496082,COMPLETE
298,0.23834443387250237,2025-11-21 04:14:18.844228,2025-11-21 04:24:31.792203,0 days 00:10:12.947975,2.8820878245010637,106244.81654538386,2.9598225273477023,24602,0.9169228837746325,COMPLETE
299,0.24595623215984777,2025-11-21 04:24:31.999344,2025-11-21 04:34:03.587290,0 days 00:09:31.587946,2.7156533547249273,13028.619440671284,3.862821802235041,22699,0.9829014160129702,COMPLETE
300,0.25784966698382494,2025-11-21 04:34:03.820308,2025-11-21 04:44:37.822986,0 days 00:10:34.002678,2.5173414989297864,4836.923144687181,3.0629691518492224,25879,0.9670483661395393,COMPLETE
301,0.25023786869647957,2025-11-21 04:44:38.011494,2025-11-21 04:54:32.273253,0 days 00:09:54.261759,2.782713212906072,8699.923426930995,3.3423340424644232,23841,0.9502562222748939,COMPLETE
